[
  {
    "id": "c91338e0-a2b0-412d-934b-93dca872d89e",
    "data": [
      {
        "text": "no lo tengo en la cabeza",
        "userDefined": false
      }
    ],
    "isTemplate": false,
    "count": 0,
    "updated": 0
  },
  {
    "id": "d2e4dba5-cdfd-4342-8fe4-b950511bfd2b",
    "data": [
      {
        "text": "no recuerdo en ",
        "userDefined": false
      },
      {
        "text": "este momento",
        "meta": "@sys.ignore",
        "userDefined": false
      }
    ],
    "isTemplate": false,
    "count": 0,
    "updated": 0
  },
  {
    "id": "c1ad8bc7-6480-411a-8f16-2c67eda3e8a2",
    "data": [
      {
        "text": "no lo creo",
        "userDefined": false
      }
    ],
    "isTemplate": false,
    "count": 0,
    "updated": 0
  },
  {
    "id": "9b4e89a0-545f-45f2-b332-0aa086c97348",
    "data": [
      {
        "text": "no mucho",
        "userDefined": false
      }
    ],
    "isTemplate": false,
    "count": 0,
    "updated": 0
  },
  {
    "id": "ebabb28d-ac4a-4a93-90d4-8dd64784781d",
    "data": [
      {
        "text": "no",
        "userDefined": false
      }
    ],
    "isTemplate": false,
    "count": 1,
    "updated": 0
  },
  {
    "id": "78d25656-9a2b-4d9f-9398-66f49a685efb",
    "data": [
      {
        "text": "en absoluto",
        "userDefined": false
      }
    ],
    "isTemplate": false,
    "count": 0,
    "updated": 0
  },
  {
    "id": "d6107d8e-b525-477b-8139-e0d14bf3b2cb",
    "data": [
      {
        "text": "gracias pero no",
        "userDefined": false
      }
    ],
    "isTemplate": false,
    "count": 0,
    "updated": 0
  }
]