[
  {
    "id": "1082a03f-2859-4900-8e92-210802bd30bb",
    "data": [
      {
        "text": "te acradezco",
        "userDefined": false
      }
    ],
    "isTemplate": false,
    "count": 0,
    "updated": 0
  },
  {
    "id": "6d3df3a4-769a-4af9-be94-4c1237e68b3e",
    "data": [
      {
        "text": "gracias por tu ayuda",
        "userDefined": false
      }
    ],
    "isTemplate": false,
    "count": 0,
    "updated": 0
  },
  {
    "id": "bb3d2cea-0c2b-48b6-bb0d-399cc7fae86d",
    "data": [
      {
        "text": "agradecido",
        "userDefined": false
      }
    ],
    "isTemplate": false,
    "count": 0,
    "updated": 0
  },
  {
    "id": "1c12ee66-0cbe-4c89-b640-e21b0b86a3b7",
    "data": [
      {
        "text": "muchas gracias",
        "userDefined": false
      }
    ],
    "isTemplate": false,
    "count": 0,
    "updated": 0
  },
  {
    "id": "757e30c7-ebf4-4485-b3e5-615f711ff56f",
    "data": [
      {
        "text": "gracias",
        "meta": "@sys.ignore",
        "userDefined": false
      }
    ],
    "isTemplate": false,
    "count": 0,
    "updated": 0
  }
]