[
  {
    "id": "08fb80ba-250e-40f2-b61f-82a84cafad7b",
    "data": [
      {
        "text": "consultar otra",
        "userDefined": false
      }
    ],
    "isTemplate": false,
    "count": 1,
    "updated": 0
  },
  {
    "id": "0c2f761b-6d42-4040-9fd2-bf4df5eb589d",
    "data": [
      {
        "text": "quiero saber otra",
        "userDefined": false
      }
    ],
    "isTemplate": false,
    "count": 0,
    "updated": 0
  },
  {
    "id": "8bc9bb43-669e-497c-bbe2-a421f8e4da81",
    "data": [
      {
        "text": "otra",
        "userDefined": false
      }
    ],
    "isTemplate": false,
    "count": 0,
    "updated": 0
  },
  {
    "id": "088c7fbe-b2dd-4364-a1ce-b917273f0fe5",
    "data": [
      {
        "text": "me gustaría saber de otra película",
        "userDefined": false
      }
    ],
    "isTemplate": false,
    "count": 0,
    "updated": 0
  },
  {
    "id": "81887381-9306-4282-bf37-76f5bbda25fd",
    "data": [
      {
        "text": "gracias, puedo consultar otra?",
        "userDefined": false
      }
    ],
    "isTemplate": false,
    "count": 0,
    "updated": 0
  },
  {
    "id": "ec73f195-61e7-4c5c-95a4-ba16b77e5ff8",
    "data": [
      {
        "text": "se puede con otra",
        "userDefined": false
      }
    ],
    "isTemplate": false,
    "count": 0,
    "updated": 0
  },
  {
    "id": "ef7f9591-c96b-4a37-867f-31d8267ff822",
    "data": [
      {
        "text": "otra película?",
        "userDefined": false
      }
    ],
    "isTemplate": false,
    "count": 0,
    "updated": 0
  },
  {
    "id": "7a574a57-5a89-4801-b31e-c618d02c4d5e",
    "data": [
      {
        "text": "puedo consultar otra?",
        "userDefined": false
      }
    ],
    "isTemplate": false,
    "count": 0,
    "updated": 0
  },
  {
    "id": "069570b1-f6d6-4560-ad11-c30ed0c5ab66",
    "data": [
      {
        "text": "deseo consultar otra película",
        "userDefined": false
      }
    ],
    "isTemplate": false,
    "count": 0,
    "updated": 0
  }
]