[
  {
    "id": "d75285b0-5444-4ea8-a0fa-5e0d08d375b8",
    "data": [
      {
        "text": "Dark night rises",
        "alias": "movie",
        "meta": "@sys.any",
        "userDefined": true
      }
    ],
    "isTemplate": false,
    "count": 0,
    "updated": 0
  },
  {
    "id": "0554bf05-a9e1-446e-8e48-e4356d771f45",
    "data": [
      {
        "text": "X-files",
        "alias": "movie",
        "meta": "@sys.any",
        "userDefined": true
      }
    ],
    "isTemplate": false,
    "count": 0,
    "updated": 0
  },
  {
    "id": "472f293a-0c83-450f-88bf-762cf6cf032d",
    "data": [
      {
        "text": "Harry Potter y el caliz de fuego",
        "alias": "movie",
        "meta": "@sys.any",
        "userDefined": true
      }
    ],
    "isTemplate": false,
    "count": 0,
    "updated": 0
  },
  {
    "id": "a4041264-28d7-4d93-8fd4-0d3fa7bb81f7",
    "data": [
      {
        "text": "Paquita la del barrio",
        "alias": "movie",
        "meta": "@sys.any",
        "userDefined": true
      }
    ],
    "isTemplate": false,
    "count": 0,
    "updated": 0
  },
  {
    "id": "a7082587-6f6d-4d78-b242-85d79518aa2d",
    "data": [
      {
        "text": "Black Panther",
        "alias": "movie",
        "meta": "@sys.any",
        "userDefined": true
      }
    ],
    "isTemplate": false,
    "count": 0,
    "updated": 0
  },
  {
    "id": "9f35144d-b543-446e-b945-f1c3408ee17f",
    "data": [
      {
        "text": "Avengers Infinity War",
        "alias": "movie",
        "meta": "@sys.any",
        "userDefined": true
      }
    ],
    "isTemplate": false,
    "count": 0,
    "updated": 0
  }
]