[
  {
    "id": "4966a851-b65e-4262-a25f-da59230c5748",
    "data": [
      {
        "text": "127629",
        "alias": "id_usuario",
        "meta": "@sys.any",
        "userDefined": true
      }
    ],
    "isTemplate": false,
    "count": 0,
    "updated": 0
  },
  {
    "id": "52a6300b-64fd-41b7-a4be-fe8dd460ae18",
    "data": [
      {
        "text": "5434543",
        "alias": "id_usuario",
        "meta": "@sys.any",
        "userDefined": true
      }
    ],
    "isTemplate": false,
    "count": 0,
    "updated": 0
  },
  {
    "id": "a9ed0d20-fbd7-40d7-8de1-884527229b51",
    "data": [
      {
        "text": "2647312",
        "alias": "id_usuario",
        "meta": "@sys.any",
        "userDefined": true
      }
    ],
    "isTemplate": false,
    "count": 0,
    "updated": 0
  },
  {
    "id": "549dee21-d219-48c7-b003-7e8fbd5097fb",
    "data": [
      {
        "text": "12328703",
        "alias": "id_usuario",
        "meta": "@sys.any",
        "userDefined": true
      }
    ],
    "isTemplate": false,
    "count": 0,
    "updated": 0
  },
  {
    "id": "80ec5217-4114-44f5-8fa2-30958be8e34b",
    "data": [
      {
        "text": "562319821",
        "alias": "id_usuario",
        "meta": "@sys.any",
        "userDefined": true
      }
    ],
    "isTemplate": false,
    "count": 0,
    "updated": 0
  },
  {
    "id": "4a5c680f-5e62-4d11-802e-38e73f3b6680",
    "data": [
      {
        "text": "258730803",
        "alias": "id_usuario",
        "meta": "@sys.any",
        "userDefined": true
      }
    ],
    "isTemplate": false,
    "count": 0,
    "updated": 0
  },
  {
    "id": "04d6c9ec-5789-4d28-8660-92e7a268e879",
    "data": [
      {
        "text": "134530803",
        "alias": "id_usuario",
        "meta": "@sys.any",
        "userDefined": true
      }
    ],
    "isTemplate": false,
    "count": 0,
    "updated": 0
  },
  {
    "id": "3bd1607c-8582-4c96-97a2-da9ad265cf68",
    "data": [
      {
        "text": "135260808",
        "alias": "id_usuario",
        "meta": "@sys.any",
        "userDefined": true
      }
    ],
    "isTemplate": false,
    "count": 0,
    "updated": 0
  }
]